Территория;Тип;Субъект РФ;Частично;ОКТМО;Административный центр;Крупнейшая национальность, 2010 г.;Вторая национальность, 2010 г.;Площадь территории, км?;Численность населения, 2010 г., человек;Численность населения, 2021 г., человек;Изменение численности населения, 2010-2021 гг., %;Плотность населения, 2010 г.;Плотность населения, 2021 г.;Численность мужчин, 2010 г., человек;Численность мужчин, 2021 г., человек;Доля мужчин, 2010 г., %;Доля мужчин, 2021 г., %;Изменение доли мужчин, 2010-2021 гг., пп.;Численность женщин, 2010 г., человек;Численность женщин, 2021 г., человек;Доля женщин, 2010 г., %;Доля женщин, 2021 г., %;Изменение доли женщин, 2010-2021 гг., пп.;Численность городского населения, 2010 г., человек;Численность городского населения, 2021 г., человек;Численность сельского населения, 2010 г., человек;Численность сельского населения, 2021 г., человек;Степень урбанизации, 2010 г., %;Степень урбанизации, 2021 г., %;Изменение степени урбанизации, 2010-2021 гг., пп.;Ранг 1;Ранг 2;Ранг 3;Ранг 4;Ранг 5;Ранг 6;Ранг 7;Ранг 8;Ранг 9;Ранг 10;Ранг 11;Ранг 12;Ранг 13;Ранг 14;Ранг 15;Ранг 16;Ранг 17;Ранг 18;Ранг 19;Ранг 20;Ранг 21;Ранг 22;Ранг 23;;;
Арктическая зона РФ;макрорегион;;;нет;нет;русские;украинцы;5298835;2743166;2380695;-13,2;0,52;0,45;1311005;1129067;47,8;47,4;-0,4;1432161;1251628;52,2;52,6;0,4;2373699;2061660;369467;319035;86,5;86,6;0,1;-;-;-;-;-;-;-;-;-;-;-;-;-;-;-;-;-;-;-;-;-;-;-;;;
Республика Коми;субъект РФ;;Входит в АЗРФ частично.;87000000;г. Сыктывкар;русские;коми;127439;191300;137951;-27,9;1,50;1,08;91203;65371;47,7;47,4;-0,3;100097;72580;52,3;52,6;0,3;170512;121732;20788;16219;89,1;88,2;-0,9;8 из 9;5 из 9;5 из 9;9 из 9;4 из 9;4 из 9;5 из 9;5 из 9;7 из 9;6 из 9;4 из 9;5 из 9;5 из 9;3 из 9;4 из 9;6 из 9;5 из 9;5 из 9;7 из 9;7 из 9;3 из 9;3 из 9;8 из 9;;;
ГО Воркута;городской округ;Республика Коми;;87710000;г. Воркута;русские;украинцы;24180;95854;68425;-28,6;3,96;2,83;45554;32431;47,5;47,4;-0,1;50300;35994;52,5;52,6;0,1;95241;68128;613;297;99,4;99,6;0,2;41 из 75;7 из 75;7 из 75;64 из 75;27 из 75;29 из 75;7 из 75;8 из 75;55 из 75;52 из 75;26 из 75;7 из 75;7 из 75;21 из 75;24 из 75;50 из 75;7 из 75;7 из 75;59 из 75;62 из 75;12 из 75;13 из 75;30 из 75;;;
ГО Инта;городской округ;Республика Коми;;87715000;г. Инта;русские;коми;30097;35181;21857;-37,9;1,17;0,73;16192;9826;46,0;45,0;-1,1;18989;12031;54,0;55,0;1,1;33196;20709;1985;1148;94,4;94,7;0,4;37 из 75;22 из 75;31 из 75;75 из 75;35 из 75;35 из 75;24 из 75;31 из 75;65 из 75;72 из 75;58 из 75;20 из 75;31 из 75;11 из 75;4 из 75;18 из 75;20 из 75;28 из 75;50 из 75;53 из 75;22 из 75;21 из 75;27 из 75;;;
ГО Усинск;городской округ;Республика Коми;;87723000;г. Усинск;русские;коми;30564;47229;36913;-21,8;1,55;1,21;23100;17873;48,9;48,4;-0,5;24129;19040;51,1;51,6;0,5;42075;32895;5154;4018;89,1;89,1;0,0;35 из 75;14 из 75;14 из 75;53 из 75;32 из 75;32 из 75;13 из 75;14 из 75;36 из 75;36 из 75;43 из 75;14 из 75;14 из 75;40 из 75;40 из 75;33 из 75;14 из 75;16 из 75;24 из 75;29 из 75;25 из 75;27 из 75;34 из 75;;;
МР Усть-Цилемский;муниципальный район;Республика Коми;;87652000;с. Усть-Цильма;русские;коми;42598;13036;10756;-17,5;0,31;0,25;6357;5241;48,8;48,7;0,0;6679;5515;51,2;51,3;0,0;0;0;13036;10756;0,0;0,0;0,0;32 из 75;44 из 75;42 из 75;45 из 75;43 из 75;42 из 75;44 из 75;42 из 75;37 из 75;30 из 75;21 из 75;44 из 75;43 из 75;39 из 75;46 из 75;55 из 75;62 из 75;59 из 75;6 из 75;7 из 75;62 из 75;59 из 75;35 из 75;;;
Мурманская область;субъект РФ;;;47000000;г. Мурманск;русские;украинцы;141427;795409;667744;-16,1;5,62;4,72;379560;314949;47,7;47,2;-0,6;415849;352795;52,3;52,8;0,6;738382;621639;57027;46105;92,8;93,1;0,3;7 из 9;1 из 9;1 из 9;6 из 9;1 из 9;1 из 9;1 из 9;1 из 9;6 из 9;7 из 9;6 из 9;1 из 9;1 из 9;4 из 9;3 из 9;4 из 9;1 из 9;1 из 9;3 из 9;3 из 9;1 из 9;1 из 9;5 из 9;;;
ГО Мурманск;городской округ;Мурманская область;;47701000;г. Мурманск;русские;украинцы;168;307257;270384;-12,0;1827,39;1608,09;141130;124499;45,9;46,0;0,1;166127;145885;54,1;54,0;-0,1;307257;270384;0;0;100,0;100,0;0,0;68 из 75;2 из 75;2 из 75;29 из 75;1 из 75;1 из 75;2 из 75;2 из 75;68 из 75;66 из 75;16 из 75;2 из 75;2 из 75;8 из 75;10 из 75;60 из 75;2 из 75;2 из 75;66 из 75;66 из 75;1 из 75;1 из 75;35 из 75;;;
МО Ковдорский;муниципальный округ;Мурманская область;;47703000;г. Ковдор;русские;украинцы;4066;21297;17182;-19,3;5,24;4,23;9796;7978;46,0;46,4;0,4;11501;9204;54,0;53,6;-0,4;18820;15770;2477;1412;88,4;91,8;3,4;52 из 75;33 из 75;35 из 75;49 из 75;24 из 75;24 из 75;34 из 75;35 из 75;66 из 75;60 из 75;9 из 75;32 из 75;33 из 75;10 из 75;16 из 75;67 из 75;31 из 75;31 из 75;46 из 75;51 из 75;26 из 75;24 из 75;10 из 75;;;
МО Апатиты;муниципальный округ;Мурманская область;;47705000;г. Апатиты;русские;украинцы;2461;59674;49663;-16,8;24,25;20,18;27081;22355;45,4;45,0;-0,4;32593;27308;54,6;55,0;0,4;59672;49647;2;16;100,0;100,0;0,0;56 из 75;10 из 75;10 из 75;42 из 75;18 из 75;18 из 75;10 из 75;11 из 75;73 из 75;71 из 75;40 из 75;9 из 75;9 из 75;3 из 75;5 из 75;36 из 75;9 из 75;9 из 75;65 из 75;65 из 75;11 из 75;11 из 75;59 из 75;;;
МО Кировск;муниципальный округ;Мурманская область;;47712000;г. Кировск;русские;украинцы;3633;30990;26852;-13,4;8,53;7,39;14108;12172;45,5;45,3;-0,2;16882;14680;54,5;54,7;0,2;28625;24857;2365;1995;92,4;92,6;0,2;54 из 75;25 из 75;27 из 75;34 из 75;23 из 75;23 из 75;26 из 75;28 из 75;71 из 75;70 из 75;32 из 75;24 из 75;24 из 75;5 из 75;6 из 75;44 из 75;23 из 75;25 из 75;47 из 75;44 из 75;23 из 75;23 из 75;31 из 75;;;
МО Мончегорск;муниципальный округ;Мурманская область;;47715000;г. Мончегорск;русские;украинцы;3375;47975;42154;-12,1;14,22;12,49;21939;19519;45,7;46,3;0,6;26036;22635;54,3;53,7;-0,6;45361;39962;2614;2192;94,6;94,8;0,2;55 из 75;13 из 75;12 из 75;30 из 75;22 из 75;22 из 75;16 из 75;12 из 75;69 из 75;62 из 75;8 из 75;12 из 75;12 из 75;7 из 75;14 из 75;68 из 75;11 из 75;12 из 75;42 из 75;43 из 75;21 из 75;20 из 75;29 из 75;;;
МО Оленегорск;муниципальный округ;Мурманская область;;47717000;г. Оленегорск;русские;украинцы;1889;30021;28159;-6,2;15,90;14,91;14535;13715;48,4;48,7;0,3;15486;14444;51,6;51,3;-0,3;23072;21438;6949;6721;76,9;76,1;-0,7;57 из 75;26 из 75;26 из 75;20 из 75;21 из 75;21 из 75;25 из 75;26 из 75;42 из 75;31 из 75;12 из 75;26 из 75;26 из 75;34 из 75;45 из 75;64 из 75;28 из 75;27 из 75;20 из 75;15 из 75;35 из 75;37 из 75;63 из 75;;;
МО Полярные Зори;муниципальный округ;Мурманская область;;47719000;г. Полярные Зори;русские;украинцы;987;17641;15818;-10,3;17,88;16,03;8379;7447;47,5;47,1;-0,4;9262;8371;52,5;52,9;0,4;15096;14146;2545;1672;85,6;89,4;3,9;60 из 75;38 из 75;37 из 75;27 из 75;20 из 75;19 из 75;37 из 75;37 из 75;56 из 75;54 из 75;41 из 75;38 из 75;36 из 75;20 из 75;22 из 75;35 из 75;32 из 75;32 из 75;43 из 75;48 из 75;29 из 75;26 из 75;9 из 75;;;
МР Кольский;муниципальный район;Мурманская область;;47605000;г. Кола;русские;украинцы;27581;44670;34112;-23,6;1,62;1,24;22393;16402;50,1;48,1;-2,0;22277;17710;49,9;51,9;2,0;34125;26746;10545;7366;76,4;78,4;2,0;39 из 75;15 из 75;16 из 75;55 из 75;31 из 75;31 из 75;14 из 75;18 из 75;19 из 75;41 из 75;71 из 75;17 из 75;17 из 75;57 из 75;35 из 75;5 из 75;18 из 75;22 из 75;10 из 75;14 из 75;36 из 75;35 из 75;16 из 75;;;
МР Кандалакшский;муниципальный район;Мурманская область;;47608000;г. Кандалакша;русские;украинцы;14412;49544;40981;-17,3;3,44;2,84;23127;19187;46,7;46,8;0,1;26417;21794;53,3;53,2;-0,1;42214;32906;7330;8075;85,2;80,3;-4,9;45 из 75;12 из 75;13 из 75;44 из 75;29 из 75;28 из 75;12 из 75;13 из 75;63 из 75;57 из 75;14 из 75;11 из 75;13 из 75;13 из 75;19 из 75;62 из 75;13 из 75;15 из 75;17 из 75;13 из 75;30 из 75;33 из 75;70 из 75;;;
МР Ловозерский;муниципальный район;Мурманская область;;47610000;с. Ловозеро;русские;коми;52978;11820;8852;-25,1;0,22;0,17;6180;4286;52,3;48,4;-3,9;5640;4566;47,7;51,6;3,9;8414;6394;3406;2458;71,2;72,2;1,0;29 из 75;46 из 75;47 из 75;59 из 75;47 из 75;46 из 75;46 из 75;47 из 75;7 из 75;37 из 75;74 из 75;46 из 75;47 из 75;69 из 75;39 из 75;2 из 75;38 из 75;39 из 75;38 из 75;42 из 75;38 из 75;40 из 75;19 из 75;;;
МР Печенгский;муниципальный район;Мурманская область;;47615000;пгт Никель;русские;украинцы;8662;38920;32053;-17,6;4,49;3,70;20895;16661;53,7;52,0;-1,7;18025;15392;46,3;48,0;1,7;31769;26855;7151;5198;81,6;83,8;2,2;49 из 75;20 из 75;21 из 75;46 из 75;26 из 75;25 из 75;17 из 75;17 из 75;3 из 75;4 из 75;68 из 75;22 из 75;22 из 75;73 из 75;72 из 75;8 из 75;21 из 75;21 из 75;18 из 75;22 из 75;31 из 75;32 из 75;15 из 75;;;
МР Терский;муниципальный район;Мурманская область;;47620000;пгт Умба;русские;украинцы;19310;6288;4682;-25,5;0,33;0,24;2978;2141;47,4;45,7;-1,6;3310;2541;52,6;54,3;1,6;5532;4121;756;561;88,0;88,0;0,0;44 из 75;58 из 75;62 из 75;60 из 75;42 из 75;43 из 75;59 из 75;63 из 75;57 из 75;69 из 75;66 из 75;58 из 75;60 из 75;19 из 75;7 из 75;10 из 75;46 из 75;44 из 75;57 из 75;58 из 75;27 из 75;28 из 75;33 из 75;;;
ЗАТО Североморск;городской округ (закрытое адм.-тер. образование);Мурманская область;;47730000;г. Североморск;;;494;67331;50796;-24,6;136,29;102,82;35038;25332;52,0;49,9;-2,2;32293;25464;48,0;50,1;2,2;64011;47632;3320;3164;95,1;93,8;-1,3;62 из 75;8 из 75;9 из 75;57 из 75;13 из 75;13 из 75;8 из 75;9 из 75;8 из 75;15 из 75;72 из 75;10 из 75;11 из 75;68 из 75;61 из 75;4 из 75;8 из 75;11 из 75;39 из 75;36 из 75;20 из 75;22 из 75;67 из 75;;;
ЗАТО Островной;городской округ (закрытое адм.-тер. образование);Мурманская область;;47731000;г. Островной;;;463;2222;1508;-32,1;4,80;3,26;1166;791;52,5;52,5;0,0;1056;717;47,5;47,5;0,0;2171;1487;51;21;97,7;98,6;0,9;63 из 75;75 из 75;75 из 75;73 из 75;25 из 75;26 из 75;75 из 75;75 из 75;6 из 75;3 из 75;19 из 75;74 из 75;74 из 75;70 из 75;73 из 75;57 из 75;59 из 75;58 из 75;64 из 75;64 из 75;17 из 75;15 из 75;23 из 75;;;
ЗАТО Заозерск;городской округ (закрытое адм.-тер. образование);Мурманская область;;47733000;г. Заозерск;;;516;11199;7762;-30,7;21,70;15,04;5922;3984;52,9;51,3;-1,6;5277;3778;47,1;48,7;1,6;11199;7762;0;0;100,0;100,0;0,0;61 из 75;47 из 75;49 из 75;68 из 75;19 из 75;20 из 75;47 из 75;50 из 75;5 из 75;6 из 75;64 из 75;48 из 75;50 из 75;71 из 75;70 из 75;12 из 75;36 из 75;35 из 75;66 из 75;66 из 75;1 из 75;1 из 75;35 из 75;;;
ЗАТО Видяево;городской округ (закрытое адм.-тер. образование);Мурманская область;;47735000;пос. Видяево;;;77;5771;4327;-25,0;74,51;55,86;2938;2188;50,9;50,6;-0,3;2833;2139;49,1;49,4;0,3;0;0;5771;4327;0,0;0,0;0,0;71 из 75;61 из 75;63 из 75;58 из 75;15 из 75;15 из 75;61 из 75;62 из 75;14 из 75;10 из 75;37 из 75;61 из 75;66 из 75;62 из 75;66 из 75;39 из 75;62 из 75;59 из 75;23 из 75;26 из 75;62 из 75;59 из 75;35 из 75;;;
ЗАТО Александровск;городской округ (закрытое адм.-тер. образование);Мурманская область;;47737000;г. Полярный;;;354;42789;32459;-24,1;120,88;91,69;21955;16292;51,3;50,2;-1,1;20834;16167;48,7;49,8;1,1;41044;31532;1745;927;95,9;97,1;1,2;64 из 75;17 из 75;19 из 75;56 из 75;14 из 75;14 из 75;15 из 75;19 из 75;12 из 75;12 из 75;61 из 75;19 из 75;20 из 75;64 из 75;64 из 75;15 из 75;15 из 75;17 из 75;53 из 75;54 из 75;19 из 75;18 из 75;18 из 75;;;
Ямало-Ненецкий АО;субъект РФ;;;71900000;г. Салехард;русские;украинцы;769667;522904;510490;-2,4;0,68;0,66;259200;248974;49,6;48,8;-0,8;263704;261516;50,4;51,2;0,8;443043;432263;79861;78227;84,7;84,7;-0,1;3 из 9;3 из 9;3 из 9;2 из 9;5 из 9;5 из 9;3 из 9;3 из 9;2 из 9;4 из 9;8 из 9;3 из 9;3 из 9;8 из 9;6 из 9;2 из 9;3 из 9;3 из 9;2 из 9;1 из 9;5 из 9;5 из 9;6 из 9;;;
ГО Салехард;городской округ;Ямало-Ненецкий АО;;71951000;г. Салехард;русские;татары;1018;42845;47983;12,0;42,10;47,15;20101;22492;46,9;46,9;0,0;22744;25491;53,1;53,1;0,0;42544;47910;301;73;99,3;99,8;0,6;59 из 75;16 из 75;11 из 75;3 из 75;16 из 75;16 из 75;18 из 75;10 из 75;62 из 75;56 из 75;22 из 75;15 из 75;10 из 75;14 из 75;20 из 75;54 из 75;12 из 75;10 из 75;63 из 75;63 из 75;14 из 75;12 из 75;25 из 75;;;
ГО Губкинский;городской округ;Ямало-Ненецкий АО;;71952000;г. Губкинский;русские;украинцы;73;23335;33273;42,6;321,53;458,46;11523;16686;49,4;50,1;0,8;11812;16587;50,6;49,9;-0,8;23335;33273;0;0;100,0;100,0;0,0;72 из 75;31 из 75;18 из 75;1 из 75;9 из 75;8 из 75;31 из 75;16 из 75;26 из 75;13 из 75;6 из 75;31 из 75;19 из 75;50 из 75;63 из 75;70 из 75;27 из 75;14 из 75;66 из 75;66 из 75;1 из 75;1 из 75;35 из 75;;;
ГО Лабытнанги;городской округ;Ямало-Ненецкий АО;;71953000;г. Лабытнанги;русские;украинцы;137;26936;30532;13,4;197,09;223,40;13938;15558;51,7;51,0;-0,8;12998;14974;48,3;49,0;0,8;26936;30532;0;0;100,0;100,0;0,0;69 из 75;29 из 75;22 из 75;2 из 75;11 из 75;11 из 75;28 из 75;20 из 75;10 из 75;8 из 75;51 из 75;30 из 75;23 из 75;66 из 75;68 из 75;25 из 75;25 из 75;18 из 75;66 из 75;66 из 75;1 из 75;1 из 75;35 из 75;;;
ГО Муравленко;городской округ;Ямало-Ненецкий АО;;71955000;г. Муравленко;русские;украинцы;92;33391;29233;-12,5;364,56;319,17;16637;14826;49,8;50,7;0,9;16754;14407;50,2;49,3;-0,9;33391;29233;0;0;100,0;100,0;0,0;70 из 75;24 из 75;24 из 75;32 из 75;8 из 75;9 из 75;21 из 75;22 из 75;23 из 75;9 из 75;5 из 75;25 из 75;27 из 75;53 из 75;67 из 75;71 из 75;19 из 75;20 из 75;66 из 75;66 из 75;1 из 75;1 из 75;35 из 75;;;
ГО Новый Уренгой;городской округ;Ямало-Ненецкий АО;;71956000;г. Новый Уренгой;русские;украинцы;227;104107;107251;3,0;459,59;473,47;51296;52468;49,3;48,9;-0,4;52811;54783;50,7;51,1;0,4;104107;107251;0;0;100,0;100,0;0,0;66 из 75;6 из 75;5 из 75;9 из 75;7 из 75;7 из 75;6 из 75;5 из 75;29 из 75;27 из 75;38 из 75;6 из 75;5 из 75;47 из 75;49 из 75;38 из 75;6 из 75;5 из 75;66 из 75;66 из 75;1 из 75;1 из 75;35 из 75;;;
ГО Ноябрьск;городской округ;Ямало-Ненецкий АО;;71958000;г. Ноябрьск;русские;украинцы;189;110620;100188;-9,4;585,14;529,96;54520;47769;49,3;47,7;-1,6;56100;52419;50,7;52,3;1,6;110620;100188;0;0;100,0;100,0;0,0;67 из 75;5 из 75;6 из 75;25 из 75;5 из 75;5 из 75;5 из 75;6 из 75;28 из 75;49 из 75;65 из 75;5 из 75;6 из 75;48 из 75;27 из 75;11 из 75;5 из 75;6 из 75;66 из 75;66 из 75;1 из 75;1 из 75;35 из 75;;;
МР Красноселькупский;муниципальный район;Ямало-Ненецкий АО;;71913000;с. Красноселькуп;русские;селькупы;106759;6204;5789;-6,7;0,06;0,05;3091;2843;49,8;49,1;-0,7;3113;2946;50,2;50,9;0,7;0;0;6204;5789;0,0;0,0;0,0;19 из 75;59 из 75;57 из 75;21 из 75;62 из 75;63 из 75;58 из 75;57 из 75;24 из 75;23 из 75;50 из 75;59 из 75;58 из 75;52 из 75;53 из 75;26 из 75;62 из 75;59 из 75;22 из 75;18 из 75;62 из 75;59 из 75;35 из 75;;;
МО Надымский;муниципальный округ;Ямало-Ненецкий АО;;71916000;г. Надым;русские;украинцы;109943;66530;66938;0,6;0,61;0,61;32551;32865;48,9;49,1;0,2;33979;34073;51,1;50,9;-0,2;58440;58131;8090;8807;87,8;86,8;-1,0;16 из 75;9 из 75;8 из 75;11 из 75;39 из 75;37 из 75;9 из 75;7 из 75;35 из 75;24 из 75;13 из 75;8 из 75;8 из 75;41 из 75;52 из 75;63 из 75;10 из 75;8 из 75;14 из 75;12 из 75;28 из 75;29 из 75;66 из 75;;;
МО Приуральский;муниципальный округ;Ямало-Ненецкий АО;;71918000;с. Аксарка;русские;ненцы;64622;14995;9860;-34,2;0,23;0,15;8291;4837;55,3;49,1;-6,2;6704;5023;44,7;50,9;6,2;6413;0;8582;9860;42,8;0,0;-42,8;26 из 75;41 из 75;45 из 75;74 из 75;46 из 75;49 из 75;38 из 75;43 из 75;2 из 75;25 из 75;75 из 75;43 из 75;45 из 75;74 из 75;51 из 75;1 из 75;42 из 75;59 из 75;13 из 75;9 из 75;58 из 75;59 из 75;74 из 75;;;
МО Пуровский;муниципальный округ;Ямало-Ненецкий АО;;71920000;г. Тарко-Сале;русские;украинцы;108797;51280;36569;-28,7;0,47;0,34;26290;17659;51,3;48,3;-3,0;24990;18910;48,7;51,7;3,0;30464;25745;20816;10824;59,4;70,4;11,0;17 из 75;11 из 75;15 из 75;65 из 75;41 из 75;41 из 75;11 из 75;15 из 75;13 из 75;39 из 75;73 из 75;13 из 75;15 из 75;63 из 75;37 из 75;3 из 75;22 из 75;24 из 75;3 из 75;5 из 75;47 из 75;42 из 75;1 из 75;;;
МО Тазовский;муниципальный округ;Ямало-Ненецкий АО;;71923000;пос. Тазовский;русские;селькупы;174344;16537;17723;7,2;0,09;0,10;8115;8673;49,1;48,9;-0,1;8422;9050;50,9;51,1;0,1;6793;0;9744;17723;41,1;0,0;-41,1;8 из 75;39 из 75;34 из 75;6 из 75;53 из 75;53 из 75;40 из 75;34 из 75;32 из 75;26 из 75;27 из 75;39 из 75;34 из 75;44 из 75;50 из 75;49 из 75;41 из 75;59 из 75;12 из 75;3 из 75;59 из 75;59 из 75;73 из 75;;;
МР Шурышкарский;муниципальный район;Ямало-Ненецкий АО;;71926000;с. Мужи;ханты;русские;54741;9814;9084;-7,4;0,18;0,17;4855;4483;49,5;49,4;-0,1;4959;4601;50,5;50,6;0,1;0;0;9814;9084;0,0;0,0;0,0;28 из 75;49 из 75;46 из 75;23 из 75;48 из 75;47 из 75;49 из 75;46 из 75;25 из 75;20 из 75;25 из 75;49 из 75;46 из 75;51 из 75;56 из 75;51 из 75;62 из 75;59 из 75;11 из 75;11 из 75;62 из 75;59 из 75;35 из 75;;;
МО Ямальский;муниципальный округ;Ямало-Ненецкий АО;;71928000;с. Яр-Сале;ненцы;русские;148727;16310;16067;-1,5;0,11;0,11;7992;7815;49,0;48,6;-0,4;8318;8252;51,0;51,4;0,4;0;0;16310;16067;0,0;0,0;0,0;10 из 75;40 из 75;36 из 75;15 из 75;52 из 75;51 из 75;41 из 75;36 из 75;33 из 75;32 из 75;39 из 75;40 из 75;37 из 75;43 из 75;44 из 75;37 из 75;62 из 75;59 из 75;4 из 75;4 из 75;62 из 75;59 из 75;35 из 75;;;
Чукотский АО;субъект РФ;;;77000000;г. Анадырь;русские;чукчи;723489;50526;47490;-6,0;0,07;0,07;25318;23608;50,1;49,7;-0,4;25208;23882;49,9;50,3;0,4;32734;32389;17792;15101;64,8;68,2;3,4;4 из 9;8 из 9;8 из 9;4 из 9;8 из 9;8 из 9;8 из 9;8 из 9;1 из 9;1 из 9;5 из 9;8 из 9;8 из 9;9 из 9;9 из 9;5 из 9;7 из 9;7 из 9;8 из 9;8 из 9;8 из 9;8 из 9;2 из 9;;;
ГО Анадырь;городской округ;Чукотский АО;;77701000;г. Анадырь;русские;чукчи;60;13517;13598;0,6;224,01;225,36;6515;6646;48,2;48,9;0,7;7002;6952;51,8;51,1;-0,7;13045;13202;472;396;96,5;97,1;0,6;73 из 75;43 из 75;38 из 75;12 из 75;10 из 75;10 из 75;43 из 75;38 из 75;46 из 75;28 из 75;7 из 75;42 из 75;40 из 75;30 из 75;48 из 75;69 из 75;34 из 75;33 из 75;61 из 75;60 из 75;18 из 75;19 из 75;24 из 75;;;
ГО Певек;городской округ;Чукотский АО;;77630000;г. Певек;русские;чукчи;67091;5148;4776;-7,2;0,08;0,07;2748;2453;53,4;51,4;-2,0;2400;2323;46,6;48,6;2,0;4162;4015;986;761;80,8;84,1;3,2;25 из 75;62 из 75;61 из 75;22 из 75;56 из 75;55 из 75;62 из 75;59 из 75;4 из 75;5 из 75;70 из 75;64 из 75;62 из 75;72 из 75;71 из 75;6 из 75;52 из 75;45 из 75;56 из 75;55 из 75;33 из 75;31 из 75;11 из 75;;;
ГО Провидения;городской округ;Чукотский АО;;77620000;пгт Провидения;чукчи;эскимосы;27286;3923;3707;-5,5;0,14;0,14;1967;1823;50,1;49,2;-1,0;1956;1884;49,9;50,8;1,0;1970;2140;1953;1567;50,2;57,7;7,5;40 из 75;70 из 75;70 из 75;18 из 75;50 из 75;50 из 75;70 из 75;69 из 75;17 из 75;21 из 75;54 из 75;70 из 75;70 из 75;59 из 75;55 из 75;22 из 75;61 из 75;54 из 75;51 из 75;50 из 75;55 из 75;48 из 75;3 из 75;;;
ГО Эгвекинот;городской округ;Чукотский АО;;77615000;пгт Эгвекинот;русские;чукчи;136644;5798;4835;-16,6;0,04;0,04;2947;2433;50,8;50,3;-0,5;2851;2402;49,2;49,7;0,5;3282;3150;2516;1685;56,6;65,1;8,5;13 из 75;60 из 75;60 из 75;41 из 75;67 из 75;67 из 75;60 из 75;60 из 75;15 из 75;11 из 75;44 из 75;60 из 75;61 из 75;61 из 75;65 из 75;32 из 75;54 из 75;49 из 75;44 из 75;47 из 75;49 из 75;45 из 75;2 из 75;;;
МР Анадырский;муниципальный район;Чукотский АО;;77603000;г. Анадырь;русские;чукчи;287508;9436;8161;-13,5;0,03;0,03;4844;4176;51,3;51,2;-0,2;4592;3985;48,7;48,8;0,2;4769;4336;4667;3825;50,5;53,1;2,6;3 из 75;50 из 75;48 из 75;35 из 75;70 из 75;72 из 75;50 из 75;48 из 75;11 из 75;7 из 75;29 из 75;50 из 75;49 из 75;65 из 75;69 из 75;47 из 75;49 из 75;42 из 75;28 из 75;30 из 75;54 из 75;51 из 75;14 из 75;;;
МР Билибинский;муниципальный район;Чукотский АО;;77609000;г. Билибино;русские;чукчи;174652;7866;7418;-5,7;0,05;0,04;3922;3680;49,9;49,6;-0,3;3944;3738;50,1;50,4;0,3;5506;5546;2360;1872;70,0;74,8;4,8;7 из 75;57 из 75;52 из 75;19 из 75;65 из 75;65 из 75;53 из 75;51 из 75;21 из 75;17 из 75;33 из 75;57 из 75;51 из 75;55 из 75;59 из 75;43 из 75;47 из 75;40 из 75;48 из 75;46 из 75;39 из 75;39 из 75;7 из 75;;;
МР Чукотский;муниципальный район;Чукотский АО;;77633000;с. Лаврентия;чукчи;эскимосы;30247;4838;4995;3,2;0,16;0,17;2375;2397;49,1;48,0;-1,1;2463;2598;50,9;52,0;1,1;0;0;4838;4995;0,0;0,0;0,0;36 из 75;63 из 75;59 из 75;8 из 75;49 из 75;48 из 75;63 из 75;61 из 75;31 из 75;45 из 75;60 из 75;62 из 75;59 из 75;45 из 75;31 из 75;16 из 75;62 из 75;59 из 75;26 из 75;23 из 75;62 из 75;59 из 75;35 из 75;;;
Красноярский край;субъект РФ;;Входит в АЗРФ частично.;4000000;г. Красноярск;русские;украинцы;1591318;237421;224874;-5,3;0,15;0,14;117599;111159;49,5;49,4;-0,1;119822;113715;50,5;50,6;0,1;211835;198746;25586;26128;89,2;88,4;-0,8;1 из 9;4 из 9;4 из 9;3 из 9;7 из 9;7 из 9;4 из 9;4 из 9;3 из 9;2 из 9;1 из 9;4 из 9;4 из 9;7 из 9;8 из 9;9 из 9;4 из 9;4 из 9;5 из 9;5 из 9;2 из 9;2 из 9;7 из 9;;;
ГО Норильск;городской округ;Красноярский край;;4729000;г. Норильск;русские;украинцы;4509;176252;175237;-0,6;39,09;38,86;88007;87178;49,9;49,7;-0,2;88245;88059;50,1;50,3;0,2;176252;175237;0;0;100,0;100,0;0,0;51 из 75;4 из 75;3 из 75;13 из 75;17 из 75;17 из 75;4 из 75;3 из 75;20 из 75;16 из 75;31 из 75;4 из 75;3 из 75;56 из 75;60 из 75;45 из 75;4 из 75;3 из 75;66 из 75;66 из 75;1 из 75;1 из 75;35 из 75;;;
МР Таймырский Долгано-Ненецкий;муниципальный район;Красноярский край;;4653000;г. Дудинка;русские;долганы;879900;34432;30154;-12,4;0,04;0,03;16576;14646;48,1;48,6;0,4;17856;15508;51,9;51,4;-0,4;22851;19875;11581;10279;66,4;65,9;-0,5;1 из 75;23 из 75;23 из 75;31 из 75;69 из 75;69 из 75;23 из 75;24 из 75;47 из 75;33 из 75;11 из 75;23 из 75;21 из 75;29 из 75;43 из 75;65 из 75;29 из 75;29 из 75;7 из 75;8 из 75;43 из 75;44 из 75;61 из 75;;;
МР Туруханский;муниципальный район;Красноярский край;;4654000;с. Туруханск;русские;кеты;209309;18708;12808;-31,5;0,09;0,06;9111;6100;48,7;47,6;-1,1;9597;6708;51,3;52,4;1,1;7197;3634;11511;9174;38,5;28,4;-10,1;5 из 75;36 из 75;41 из 75;71 из 75;55 из 75;57 из 75;35 из 75;39 из 75;38 из 75;50 из 75;59 из 75;37 из 75;41 из 75;38 из 75;26 из 75;17 из 75;39 из 75;46 из 75;8 из 75;10 из 75;60 из 75;58 из 75;71 из 75;;;
МР Эвенкийский;муниципальный район;Красноярский край;Входит в АЗРФ частично.;4650000;пос. Тура;русские;эвенки;497600;8029;6675;-16,9;0,02;0,01;3905;3235;48,6;48,5;-0,2;4124;3440;51,4;51,5;0,2;5535;0;2494;6675;68,9;0,0;-68,9;2 из 75;54 из 75;55 из 75;43 из 75;74 из 75;75 из 75;55 из 75;55 из 75;39 из 75;34 из 75;30 из 75;54 из 75;54 из 75;37 из 75;42 из 75;46 из 75;45 из 75;59 из 75;45 из 75;16 из 75;40 из 75;59 из 75;75 из 75;;;
Республика Саха (Якутия);субъект РФ;;Входит в АЗРФ частично.;98000000;г. Якутск;якуты;русские;1451611;73927;64207;-13,1;0,05;0,04;36306;31465;49,1;49,0;-0,1;37621;32742;50,9;51,0;0,1;29499;24454;44428;39753;39,9;38,1;-1,8;2 из 9;7 из 9;7 из 9;5 из 9;9 из 9;9 из 9;7 из 9;7 из 9;4 из 9;3 из 9;2 из 9;7 из 9;7 из 9;6 из 9;7 из 9;8 из 9;8 из 9;9 из 9;4 из 9;4 из 9;9 из 9;9 из 9;9 из 9;;;
МР Абыйский;муниципальный район;Республика Саха (Якутия);;98601000;пгт Белая Гора;якуты;русские;69435;4425;3838;-13,3;0,06;0,06;2119;1842;47,9;48,0;0,1;2306;1996;52,1;52,0;-0,1;2245;1927;2180;1911;50,7;50,2;-0,5;23 из 75;67 из 75;67 из 75;33 из 75;59 из 75;61 из 75;67 из 75;68 из 75;51 из 75;44 из 75;17 из 75;66 из 75;67 из 75;25 из 75;32 из 75;59 из 75;58 из 75;56 из 75;49 из 75;45 из 75;53 из 75;53 из 75;62 из 75;;;
МР Аллаиховский;муниципальный район;Республика Саха (Якутия);;98606000;пгт Чокурдах;якуты;русские;107338;3050;2379;-22,0;0,03;0,02;1461;1169;47,9;49,1;1,2;1589;1210;52,1;50,9;-1,2;2367;1869;683;510;77,6;78,6;1,0;18 из 75;72 из 75;73 из 75;54 из 75;73 из 75;73 из 75;73 из 75;74 из 75;50 из 75;22 из 75;4 из 75;72 из 75;73 из 75;26 из 75;54 из 75;72 из 75;57 из 75;57 из 75;58 из 75;59 из 75;34 из 75;34 из 75;22 из 75;;;
МР Анабарский (долгано-эвенкийский);муниципальный район;Республика Саха (Якутия);;98610000;с. Саскылах;долганы;эвенки;55558;3501;3479;-0,6;0,06;0,06;1698;1652;48,5;47,5;-1,0;1803;1827;51,5;52,5;1,0;0;0;3501;3479;0,0;0,0;0,0;27 из 75;71 из 75;71 из 75;14 из 75;61 из 75;56 из 75;72 из 75;72 из 75;40 из 75;51 из 75;56 из 75;71 из 75;71 из 75;36 из 75;25 из 75;20 из 75;62 из 75;59 из 75;37 из 75;34 из 75;62 из 75;59 из 75;35 из 75;;;
МР Булунский;муниципальный район;Республика Саха (Якутия);;98612000;пгт Тикси;русские;эвенки;223583;9054;7706;-14,9;0,04;0,03;4690;4162;51,8;54,0;2,2;4364;3544;48,2;46,0;-2,2;5063;4173;3991;3533;55,9;54,2;-1,8;4 из 75;51 из 75;50 из 75;38 из 75;68 из 75;68 из 75;51 из 75;49 из 75;9 из 75;2 из 75;1 из 75;52 из 75;52 из 75;67 из 75;74 из 75;75 из 75;48 из 75;43 из 75;34 из 75;33 из 75;50 из 75;50 из 75;68 из 75;;;
МР Верхнеколымский ;муниципальный район;Республика Саха (Якутия);;98615000;пгт Зырянка;русские;якуты;67774;4723;3803;-19,5;0,07;0,06;2327;1843;49,3;48,5;-0,8;2396;1960;50,7;51,5;0,8;3170;2521;1553;1282;67,1;66,3;-0,8;24 из 75;64 из 75;68 из 75;50 из 75;57 из 75;59 из 75;64 из 75;67 из 75;30 из 75;35 из 75;52 из 75;65 из 75;68 из 75;46 из 75;41 из 75;24 из 75;55 из 75;53 из 75;54 из 75;52 из 75;42 из 75;43 из 75;65 из 75;;;
МР Верхоянский;муниципальный район;Республика Саха (Якутия);;98616000;пгт Батагай;якуты;русские;137428;12815;10037;-21,7;0,09;0,07;6278;4811;49,0;47,9;-1,1;6537;5226;51,0;52,1;1,1;5919;4734;6896;5303;46,2;47,2;1,0;12 из 75;45 из 75;44 из 75;52 из 75;54 из 75;54 из 75;45 из 75;44 из 75;34 из 75;46 из 75;57 из 75;45 из 75;44 из 75;42 из 75;30 из 75;19 из 75;44 из 75;41 из 75;21 из 75;21 из 75;56 из 75;54 из 75;21 из 75;;;
МР Жиганский;муниципальный район;Республика Саха (Якутия);;98622000;с. Жиганск;эвенки;якуты;140222;4296;4177;-2,8;0,03;0,03;2080;2002;48,4;47,9;-0,5;2216;2175;51,6;52,1;0,5;0;0;4296;4177;0,0;0,0;0,0;11 из 75;68 из 75;66 из 75;16 из 75;71 из 75;70 из 75;68 из 75;66 из 75;41 из 75;47 из 75;42 из 75;68 из 75;65 из 75;35 из 75;29 из 75;34 из 75;62 из 75;59 из 75;31 из 75;28 из 75;62 из 75;59 из 75;35 из 75;;;
МР Момский;муниципальный район;Республика Саха (Якутия);;98633000;с. Хонуу;якуты;эвены;104627;4452;3733;-16,2;0,04;0,04;2147;1788;48,2;47,9;-0,3;2305;1945;51,8;52,1;0,3;0;0;4452;3733;0,0;0,0;0,0;20 из 75;66 из 75;69 из 75;40 из 75;66 из 75;66 из 75;66 из 75;70 из 75;44 из 75;48 из 75;36 из 75;67 из 75;69 из 75;32 из 75;28 из 75;40 из 75;62 из 75;59 из 75;29 из 75;31 из 75;62 из 75;59 из 75;35 из 75;;;
МР Нижнеколымский;муниципальный район;Республика Саха (Якутия);;98637000;пгт Черский;русские;якуты;87118;4664;4214;-9,6;0,05;0,05;2231;2034;47,8;48,3;0,4;2433;2180;52,2;51,7;-0,4;2857;2623;1807;1591;61,3;62,2;1,0;21 из 75;65 из 75;65 из 75;26 из 75;64 из 75;64 из 75;65 из 75;65 из 75;52 из 75;40 из 75;10 из 75;63 из 75;64 из 75;24 из 75;36 из 75;66 из 75;56 из 75;52 из 75;52 из 75;49 из 75;45 из 75;46 из 75;20 из 75;;;
МР Оленекский;муниципальный район;Республика Саха (Якутия);;98642000;с. Оленек;эвенки;якуты;160792;4127;4313;4,5;0,01;0,01;2037;2102;49,4;48,7;-0,6;2090;2211;50,6;51,3;0,6;0;0;4127;4313;0,0;0,0;0,0;9 из 75;69 из 75;64 из 75;7 из 75;75 из 75;74 из 75;69 из 75;64 из 75;27 из 75;29 из 75;49 из 75;69 из 75;63 из 75;49 из 75;47 из 75;27 из 75;62 из 75;59 из 75;33 из 75;27 из 75;62 из 75;59 из 75;35 из 75;;;
МР Среднеколымский;муниципальный район;Республика Саха (Якутия);;98646000;г. Среднеколымск;якуты;русские;125161;7897;6805;-13,8;0,06;0,05;3817;3287;48,3;48,3;0,0;4080;3518;51,7;51,7;0,0;3525;3131;4372;3674;44,6;46,0;1,4;14 из 75;56 из 75;54 из 75;36 из 75;60 из 75;62 из 75;56 из 75;54 из 75;43 из 75;38 из 75;20 из 75;55 из 75;53 из 75;33 из 75;38 из 75;56 из 75;53 из 75;50 из 75;30 из 75;32 из 75;57 из 75;55 из 75;17 из 75;;;
МР Усть-Янский;муниципальный район;Республика Саха (Якутия);;98656000;пгт Депутатский;якуты;русские;120278;8056;6810;-15,5;0,07;0,06;4039;3373;50,1;49,5;-0,6;4017;3437;49,9;50,5;0,6;4353;3476;3703;3334;54,0;51,0;-3,0;15 из 75;53 из 75;53 из 75;39 из 75;58 из 75;58 из 75;52 из 75;53 из 75;18 из 75;18 из 75;47 из 75;56 из 75;55 из 75;58 из 75;58 из 75;29 из 75;51 из 75;48 из 75;36 из 75;35 из 75;52 из 75;52 из 75;69 из 75;;;
МР Эвено-Бытантайский;муниципальный район;Республика Саха (Якутия);;98659000;с. Батагай-Алыта;эвены;якуты;52298;2867;2913;1,6;0,05;0,06;1382;1400;48,2;48,1;-0,1;1485;1513;51,8;51,9;0,1;0;0;2867;2913;0,0;0,0;0,0;30 из 75;73 из 75;72 из 75;10 из 75;63 из 75;60 из 75;74 из 75;73 из 75;45 из 75;42 из 75;28 из 75;73 из 75;72 из 75;31 из 75;34 из 75;48 из 75;62 из 75;59 из 75;41 из 75;38 из 75;62 из 75;59 из 75;35 из 75;;;
Республика Карелия;субъект РФ;;Входит в АЗРФ частично.;86000000;г. Петрозаводск;русские;карелы;71255;130167;101670;-21,9;1,83;1,43;61273;46919;47,1;46,1;-0,9;68894;54751;52,9;53,9;0,9;105030;84274;25137;17396;80,7;82,9;2,2;9 из 9;6 из 9;6 из 9;8 из 9;3 из 9;3 из 9;6 из 9;6 из 9;8 из 9;8 из 9;9 из 9;6 из 9;6 из 9;2 из 9;2 из 9;1 из 9;6 из 9;6 из 9;6 из 9;6 из 9;6 из 9;6 из 9;3 из 9;;;
ГО Костомукша;городской округ;Республика Карелия;;86706000;г. Костомукша;русские;карелы;4046;28997;26650;-8,1;716,68;658,68;13956;12564;48,1;47,1;-1,0;15041;14086;51,9;52,9;1,0;28436;26048;561;602;98,1;97,7;-0,3;53 из 75;27 из 75;28 из 75;24 из 75;4 из 75;4 из 75;27 из 75;27 из 75;48 из 75;53 из 75;55 из 75;27 из 75;28 из 75;28 из 75;23 из 75;21 из 75;24 из 75;23 из 75;60 из 75;57 из 75;15 из 75;17 из 75;60 из 75;;;
МР Беломорский;муниципальный район;Республика Карелия;;86604000;г. Беломорск;русские;карелы;12797;19118;13076;-31,6;1,49;1,02;8692;5769;45,5;44,1;-1,3;10426;7307;54,5;55,9;1,3;11217;7708;7901;5368;58,7;58,9;0,3;47 из 75;35 из 75;40 из 75;72 из 75;33 из 75;34 из 75;36 из 75;41 из 75;72 из 75;75 из 75;62 из 75;34 из 75;38 из 75;4 из 75;1 из 75;14 из 75;35 из 75;36 из 75;16 из 75;20 из 75;48 из 75;47 из 75;28 из 75;;;
МР Калевальский;муниципальный район;Республика Карелия;;86609000;пгт Калевала;русские;карелы;13260;8321;6176;-25,8;0,63;0,47;3916;2850;47,1;46,1;-0,9;4405;3326;52,9;53,9;0,9;4529;3526;3792;2650;54,4;57,1;2,7;46 из 75;52 из 75;56 из 75;61 из 75;38 из 75;39 из 75;54 из 75;56 из 75;59 из 75;64 из 75;53 из 75;51 из 75;56 из 75;17 из 75;12 из 75;23 из 75;50 из 75;47 из 75;35 из 75;41 из 75;51 из 75;49 из 75;13 из 75;;;
МР Кемский;муниципальный район;Республика Карелия;;86612000;г. Кемь;русские;карелы;8029;17756;13138;-26,0;2,21;1,64;8116;6021;45,7;45,8;0,1;9640;7117;54,3;54,2;-0,1;13051;10018;4705;3120;73,5;76,3;2,8;50 из 75;37 из 75;39 из 75;62 из 75;30 из 75;30 из 75;39 из 75;40 из 75;70 из 75;68 из 75;15 из 75;36 из 75;39 из 75;6 из 75;8 из 75;61 из 75;33 из 75;34 из 75;27 из 75;37 из 75;37 из 75;36 из 75;12 из 75;;;
МР Лоухский;муниципальный район;Республика Карелия;;86621000;пгт Лоухи;русские;карелы;22552;14760;10259;-30,5;0,65;0,45;6786;4706;46,0;45,9;-0,1;7974;5553;54,0;54,1;0,1;9794;7361;4966;2898;66,4;71,8;5,4;43 из 75;42 из 75;43 из 75;67 из 75;37 из 75;40 из 75;42 из 75;45 из 75;67 из 75;67 из 75;24 из 75;41 из 75;42 из 75;9 из 75;9 из 75;52 из 75;37 из 75;37 из 75;25 из 75;39 из 75;44 из 75;41 из 75;6 из 75;;;
МР Сегежский;муниципальный район;Республика Карелия;;86645000;г. Сегежа;русские;белорусы;10571;41215;32371;-21,5;3,90;3,06;19807;15009;48,1;46,4;-1,7;21408;17362;51,9;53,6;1,7;38003;29613;3212;2758;92,2;91,5;-0,7;48 из 75;18 из 75;20 из 75;51 из 75;28 из 75;27 из 75;19 из 75;21 из 75;49 из 75;61 из 75;67 из 75;18 из 75;18 из 75;27 из 75;15 из 75;9 из 75;17 из 75;19 из 75;40 из 75;40 из 75;24 из 75;25 из 75;64 из 75;;;
Архангельская область (без НАО);субъект РФ;;Входит в АЗРФ частично.;11000000;г. Архангельск;русские;украинцы;245817;699422;584835;-16,4;2,85;2,38;320059;266708;45,8;45,6;-0,2;379363;318127;54,2;54,4;0,2;614125;515498;85297;69337;87,8;88,1;0,3;5 из 9;2 из 9;2 из 9;7 из 9;2 из 9;2 из 9;2 из 9;2 из 9;9 из 9;9 из 9;3 из 9;2 из 9;2 из 9;1 из 9;1 из 9;7 из 9;2 из 9;2 из 9;1 из 9;2 из 9;4 из 9;4 из 9;4 из 9;;;
МР Лешуконский;муниципальный район;Архангельская область;;11638000;с. Лешуконское;русские;украинцы;28084;7979;5523;-30,8;0,28;0,20;3793;2545;47,5;46,1;-1,5;4186;2978;52,5;53,9;1,5;0;0;7979;5523;0,0;0,0;0,0;38 из 75;55 из 75;58 из 75;69 из 75;45 из 75;45 из 75;57 из 75;58 из 75;54 из 75;65 из 75;63 из 75;53 из 75;57 из 75;22 из 75;11 из 75;13 из 75;62 из 75;59 из 75;15 из 75;19 из 75;62 из 75;59 из 75;35 из 75;;;
МР Мезенский;муниципальный район;Архангельская область;;11642000;г. Мезень;русские;ненцы;34410;10330;7466;-27,7;0,30;0,22;4860;3467;47,0;46,4;-0,6;5470;3999;53,0;53,6;0,6;6157;2874;4173;4592;59,6;38,5;-21,1;33 из 75;48 из 75;51 из 75;63 из 75;44 из 75;44 из 75;48 из 75;52 из 75;60 из 75;59 из 75;48 из 75;47 из 75;48 из 75;16 из 75;17 из 75;28 из 75;43 из 75;51 из 75;32 из 75;25 из 75;46 из 75;57 из 75;72 из 75;;;
МР Онежский;муниципальный район;Архангельская область;;11646000;г. Онега;русские;украинцы;23756;35376;24922;-29,6;1,49;1,05;16621;11698;47,0;46,9;0,0;18755;13224;53,0;53,1;0,0;24245;18946;11131;5976;68,5;76,0;7,5;42 из 75;21 из 75;29 из 75;66 из 75;34 из 75;33 из 75;22 из 75;29 из 75;61 из 75;55 из 75;23 из 75;21 из 75;29 из 75;15 из 75;21 из 75;53 из 75;26 из 75;30 из 75;9 из 75;17 из 75;41 из 75;38 из 75;4 из 75;;;
МР Пинежский;муниципальный район;Архангельская область;;11648000;с. Карпогоры;русские;украинцы;32116;26978;18583;-31,1;0,84;0,58;13451;8919;49,9;48,0;-1,9;13527;9664;50,1;52,0;1,9;0;0;26978;18583;0,0;0,0;0,0;34 из 75;28 из 75;32 из 75;70 из 75;36 из 75;38 из 75;29 из 75;33 из 75;22 из 75;43 из 75;69 из 75;29 из 75;32 из 75;54 из 75;33 из 75;7 из 75;62 из 75;59 из 75;1 из 75;2 из 75;62 из 75;59 из 75;35 из 75;;;
МР Приморский;муниципальный район;Архангельская область;;11652000;г. Архангельск;русские;украинцы;46134;26327;28799;9,4;0,57;0,62;12577;14254;47,8;49,5;1,7;13750;14545;52,2;50,5;-1,7;0;0;26327;28799;0,0;0,0;0,0;31 из 75;30 из 75;25 из 75;4 из 75;40 из 75;36 из 75;30 из 75;25 из 75;53 из 75;19 из 75;2 из 75;28 из 75;25 из 75;23 из 75;57 из 75;74 из 75;62 из 75;59 из 75;2 из 75;1 из 75;62 из 75;59 из 75;35 из 75;;;
ГО Архангельск;городской округ;Архангельская область;;11701000;г. Архангельск;русские;украинцы;294;355781;306021;-14,0;1208,29;1039,30;159485;136377;44,8;44,6;-0,3;196296;169644;55,2;55,4;0,3;348783;301199;6998;4822;98,0;98,4;0,4;65 из 75;1 из 75;1 из 75;37 из 75;2 из 75;2 из 75;1 из 75;1 из 75;74 из 75;73 из 75;34 из 75;1 из 75;1 из 75;2 из 75;3 из 75;42 из 75;1 из 75;1 из 75;19 из 75;24 из 75;16 из 75;16 из 75;26 из 75;;;
ГО Новая Земля;городской округ;Архангельская область;;11712000;пгт Белушья Губа;русские;украинцы;79788;2429;2302;-5,2;0,03;0,03;1718;1663;70,7;72,2;1,5;711;639;29,3;27,8;-1,5;1972;1972;457;330;81,2;85,7;4,5;22 из 75;74 из 75;74 из 75;17 из 75;72 из 75;71 из 75;71 из 75;71 из 75;1 из 75;1 из 75;3 из 75;75 из 75;75 из 75;75 из 75;75 из 75;73 из 75;60 из 75;55 из 75;62 из 75;61 из 75;32 из 75;30 из 75;8 из 75;;;
ГО Новодвинск;городской округ;Архангельская область;;11715000;г. Новодвинск;русские;украинцы;41;40615;33294;-18,0;991,34;812,64;18197;14748;44,8;44,3;-0,5;22418;18546;55,2;55,7;0,5;40615;33294;0;0;100,0;100,0;0,0;75 из 75;19 из 75;17 из 75;47 из 75;3 из 75;3 из 75;20 из 75;23 из 75;75 из 75;74 из 75;45 из 75;16 из 75;16 из 75;1 из 75;2 из 75;31 из 75;16 из 75;13 из 75;66 из 75;66 из 75;1 из 75;1 из 75;35 из 75;;;
ГО Северодвинск;городской округ;Архангельская область;;11730000;г. Северодвинск;русские;украинцы;1193;193607;157925;-18,4;162,22;132,32;89357;73037;46,2;46,2;0,1;104250;84888;53,8;53,8;-0,1;192353;157213;1254;712;99,4;99,5;0,2;58 из 75;3 из 75;4 из 75;48 из 75;12 из 75;12 из 75;3 из 75;4 из 75;64 из 75;63 из 75;18 из 75;3 из 75;4 из 75;12 из 75;13 из 75;58 из 75;3 из 75;4 из 75;55 из 75;56 из 75;13 из 75;14 из 75;32 из 75;;;
Ненецкий АО;субъект РФ;;;11800000;г. Нарьян-Мар;русские;ненцы;176813;42090;41434;-1,6;0,24;0,23;20487;19914;48,7;48,1;-0,6;21603;21520;51,3;51,9;0,6;28539;30665;13551;10769;67,8;74,0;6,2;6 из 9;9 из 9;9 из 9;1 из 9;6 из 9;6 из 9;9 из 9;9 из 9;5 из 9;5 из 9;7 из 9;9 из 9;9 из 9;5 из 9;5 из 9;3 из 9;9 из 9;8 из 9;9 из 9;9 из 9;7 из 9;7 из 9;1 из 9;;;
ГО Нарьян-Мар;городской округ;Ненецкий АО;;11851000;г. Нарьян-Мар;русские;коми;45;21658;23399;8,0;481,54;520,25;10224;10905;47,2;46,6;-0,6;11434;12494;52,8;53,4;0,6;21658;23399;0;0;100,0;100,0;0,0;74 из 75;32 из 75;30 из 75;5 из 75;6 из 75;6 из 75;33 из 75;30 из 75;58 из 75;58 из 75;46 из 75;33 из 75;30 из 75;18 из 75;18 из 75;30 из 75;30 из 75;26 из 75;66 из 75;66 из 75;1 из 75;1 из 75;35 из 75;;;
МР Заполярный;муниципальный район;Ненецкий АО;;11811000;пгт Искателей;русские;ненцы;176768;20432;18035;-11,7;0,12;0,10;10263;9009;50,2;50,0;-0,3;10169;9026;49,8;50,0;0,3;6881;7266;13551;10769;33,7;40,3;6,6;6 из 75;34 из 75;33 из 75;28 из 75;51 из 75;52 из 75;32 из 75;32 из 75;16 из 75;14 из 75;35 из 75;35 из 75;35 из 75;60 из 75;62 из 75;41 из 75;40 из 75;38 из 75;5 из 75;6 из 75;61 из 75;56 из 75;5 из 75;;;
;;;;;;;;;;;;;;;;;;;;;;;;;;;;;;;;;;;;;;;;;;;;;;;;;;;;;;;;
;;;;;;;;;;;;;;;;;;;;;;;;;;;;;;;;;;;;;;;;;;;;;;;;;;;;;;;;
;;;;;;;;;;;;;;;;;;;;;;;;;;;;;;;;;;;;;;;;;;;;;;;;;;;;;;;;
